{"count":1,"self":29.9201536,"total":30.1993871,"children":{"InitializeActuators":{"count":2,"self":0.0026000999999999997,"total":0.0026000999999999997,"children":null},"InitializeSensors":{"count":2,"self":0.0009896,"total":0.0009896,"children":null},"AgentSendState":{"count":1294,"self":0.0039916,"total":0.015627099999999998,"children":{"CollectObservations":{"count":518,"self":0.00099669999999999989,"total":0.00099669999999999989,"children":null},"WriteActionMask":{"count":518,"self":0.0010389,"total":0.0010389,"children":null},"RequestDecision":{"count":518,"self":0.0095999,"total":0.0095999,"children":null}}},"DecideAction":{"count":1294,"self":0.20594679999999999,"total":0.20594679999999999,"children":null},"AgentAct":{"count":1294,"self":0.053027599999999994,"total":0.053027599999999994,"children":null}},"gauges":{},"metadata":{"timer_format_version":"0.1.0","start_time_seconds":"1687747358","unity_version":"2021.3.19f1","command_line_arguments":"C:\\Program Files\\Unity 2021.3.19f1\\Editor\\Unity.exe -projectpath C:\\Projects\\GameProgramming_MLAgents -useHub -hubIPC -cloudEnvironment production -licensingIpc LicenseClient-cgim9 -hubSessionId 40db5efa-2c59-4355-af32-e191ee94204d -accessToken EwfAenFA69J_mVpvhfRZIiuzB6KD15Xq4wRyBVnT-U000df","communication_protocol_version":"1.5.0","com.unity.ml-agents_version":"2.0.0-exp.1","scene_name":"Main","end_time_seconds":"1687747388"}}